SET check_function_bodies = false;
INSERT INTO public.category (id, created_at, updated_at, name, slug, img) VALUES (11, '2022-07-11 12:19:34.105912+00', '2022-07-16 18:41:02.306076+00', 'Fresh Bananas', 'fresh-bananas', 'https://www.somewhatsimple.com/wp-content/uploads/2018/04/How-to-keep-bananas-fresh.jpg');
INSERT INTO public.category (id, created_at, updated_at, name, slug, img) VALUES (2, '2022-07-11 10:02:41.173061+00', '2022-07-16 18:41:23.068268+00', 'Vegetable', 'vegetable', 'https://media.baamboozle.com/uploads/images/438232/1629876665_106752_url.jpeg');
INSERT INTO public.category (id, created_at, updated_at, name, slug, img) VALUES (1, '2022-07-11 08:19:51.067942+00', '2022-07-16 18:41:38.947553+00', 'Fresh Meat', 'fresh-meat', 'https://ak.picdn.net/shutterstock/videos/3151069/thumb/1.jpg');
INSERT INTO public.category (id, created_at, updated_at, name, slug, img) VALUES (9, '2022-07-11 12:08:42.907545+00', '2022-07-16 18:42:38.019451+00', 'Papaya & Crisps', 'papaya-crisps', 'https://fruitbuys.com/wp-content/uploads/2021/12/Fruit-Buys-Vietnam-Crispy-dried-papaya-4_result.jpg');
INSERT INTO public.category (id, created_at, updated_at, name, slug, img) VALUES (8, '2022-07-11 12:02:28.300254+00', '2022-07-16 18:43:03.236934+00', 'Fresh Onion', 'fresh-onion', 'https://img3.exportersindia.com/product_images/bc-full/2020/8/7632379/fresh-onion-1596799175-5546808.jpeg');
INSERT INTO public.category (id, created_at, updated_at, name, slug, img) VALUES (7, '2022-07-11 11:56:10.288828+00', '2022-07-16 18:43:18.030745+00', 'Fastfood', 'fastfood', 'https://healthyyouthvideo.files.wordpress.com/2019/09/fast-food-la-gi.jpg?w=800');
INSERT INTO public.category (id, created_at, updated_at, name, slug, img) VALUES (6, '2022-07-11 11:53:20.783554+00', '2022-07-16 18:43:36.648535+00', 'Eggs', 'egg', 'https://assets.bwbx.io/images/users/iqjWHBFdfxIU/iQYcq8LwibBo/v1/1200x-1.jpg');
INSERT INTO public.category (id, created_at, updated_at, name, slug, img) VALUES (5, '2022-07-11 11:47:29.996495+00', '2022-07-16 18:44:14.665056+00', 'Ocean Foods', 'ocean-foods', 'https://smoceanseafood.com/admin/upload/original/1642327897_5f791c669f1dc86737beacc957e91a01.jpg');
INSERT INTO public.category (id, created_at, updated_at, name, slug, img) VALUES (4, '2022-07-11 11:44:57.770716+00', '2022-07-16 18:44:31.285532+00', 'Fresh Berries', 'fresh-berries', 'https://imagesvc.meredithcorp.io/v3/mm/image?url=https%3A%2F%2Fstatic.onecms.io%2Fwp-content%2Fuploads%2Fsites%2F37%2F2020%2F11%2F05%2Fassorted-berries-table-b58e8eb0.jpg');
INSERT INTO public.category (id, created_at, updated_at, name, slug, img) VALUES (3, '2022-07-11 11:41:53.567432+00', '2022-07-16 18:44:48.401241+00', 'Fruit & Nut Gifts', 'fruit-gift', 'https://m.media-amazon.com/images/I/81ghrRcJ1lL._SL1500_.jpg');
INSERT INTO public.category (id, created_at, updated_at, name, slug, img) VALUES (10, '2022-07-11 12:11:32.971943+00', '2022-07-18 05:35:45.274023+00', 'Oatmeal', 'oatmeal', 'https://www.foodiecrush.com/wp-content/uploads/2018/04/Instant-Pot-Oatmeal-foodiecrush.com-020-683x1024.jpg');
INSERT INTO public.img (id, created_at, updated_at, url, product_id) VALUES (27, '2022-07-11 10:11:54.964532+00', '2022-07-18 04:29:50.587878+00', 'https://i5.walmartimages.com/asr/0f29aa63-bf45-42e7-972f-673c557878ff.531270573faa7fb061b8b3a4d49e82f3.jpeg?odnHeight=612&odnWidth=612&odnBg=FFFFFF', 2);
INSERT INTO public.img (id, created_at, updated_at, url, product_id) VALUES (30, '2022-07-11 11:43:34.748667+00', '2022-07-18 04:33:20.997574+00', 'https://i5.walmartimages.com/asr/50729b50-8f40-4db4-b2d3-66f892d985b6.6e64f61bb6e778d56b44381f57f1a413.jpeg?odnHeight=612&odnWidth=612&odnBg=FFFFFF', 3);
INSERT INTO public.img (id, created_at, updated_at, url, product_id) VALUES (24, '2022-07-11 10:10:48.159097+00', '2022-07-18 04:29:18.740809+00', 'https://i5.walmartimages.com/asr/c721459d-3826-4461-9e79-c077d5cf191e_3.ca214f10bb3c042f473588af8b240eca.jpeg?odnHeight=612&odnWidth=612&odnBg=FFFFFF', 1);
INSERT INTO public.img (id, created_at, updated_at, url, product_id) VALUES (25, '2022-07-11 10:10:58.237475+00', '2022-07-18 04:29:24.167457+00', 'https://i5.walmartimages.com/asr/cfb40fdc-b31f-4f03-8823-e3b9bfedba45_1.032713d02198d33a625958b9a6e1dcff.jpeg?odnHeight=160&odnWidth=160&odnBg=FFFFFF', 1);
INSERT INTO public.img (id, created_at, updated_at, url, product_id) VALUES (28, '2022-07-11 10:20:33.16371+00', '2022-07-18 04:29:30.597577+00', 'https://i5.walmartimages.com/asr/954d5d3d-2e95-4fec-9164-ba03e0f0fc82_1.61c9573f9e01481322e34dc1277ee013.png?odnHeight=612&odnWidth=612&odnBg=FFFFFF', 1);
INSERT INTO public.img (id, created_at, updated_at, url, product_id) VALUES (26, '2022-07-11 10:11:49.915685+00', '2022-07-18 04:29:44.686772+00', 'https://i5.walmartimages.com/asr/5e1a182d-c297-4c16-b8fb-6dd60f331deb.8f924c1682a4644f72355d7a030d6854.jpeg?odnHeight=612&odnWidth=612&odnBg=FFFFFF', 2);
INSERT INTO public.img (id, created_at, updated_at, url, product_id) VALUES (29, '2022-07-11 11:43:29.083195+00', '2022-07-18 04:33:24.563976+00', 'https://i5.walmartimages.com/asr/aa2d15df-966d-405d-bd84-931ab2003c9c.d407f6c963527cf1fef9a2b2c69dab62.jpeg?odnHeight=612&odnWidth=612&odnBg=FFFFFF', 3);
INSERT INTO public.img (id, created_at, updated_at, url, product_id) VALUES (31, '2022-07-11 11:43:40.862741+00', '2022-07-18 04:33:28.521798+00', 'https://i5.walmartimages.com/asr/f542ceb0-161d-4d1e-a321-ca5fd4014e5c.4f6c23f522a9a3f50ae892c3b5f92a9c.jpeg?odnHeight=612&odnWidth=612&odnBg=FFFFFF', 3);
INSERT INTO public.img (id, created_at, updated_at, url, product_id) VALUES (32, '2022-07-11 11:43:45.464693+00', '2022-07-18 04:33:32.030356+00', 'https://i5.walmartimages.com/asr/a29989db-8543-40ab-91af-30f1fc52f202_1.10b785703975dafc7ca8785ad1ed9e99.jpeg?odnHeight=612&odnWidth=612&odnBg=FFFFFF', 3);
INSERT INTO public.img (id, created_at, updated_at, url, product_id) VALUES (33, '2022-07-11 11:46:53.993172+00', '2022-07-18 04:35:10.564994+00', 'https://i5.walmartimages.com/asr/4e7dab6a-c54b-48f7-9bd2-57f5d211501d_1.3ba50bfdf1c7f082056c0f5022edf182.jpeg?odnHeight=612&odnWidth=612&odnBg=FFFFFF', 4);
INSERT INTO public.img (id, created_at, updated_at, url, product_id) VALUES (34, '2022-07-11 11:46:55.509037+00', '2022-07-18 04:35:15.362103+00', 'https://i5.walmartimages.com/asr/25733901-b0cd-4f45-8e2d-70416e6710be_1.49c9e5d6df766cc37ef991c3258a4e71.jpeg?odnHeight=612&odnWidth=612&odnBg=FFFFFF', 4);
INSERT INTO public.img (id, created_at, updated_at, url, product_id) VALUES (35, '2022-07-11 11:47:00.074874+00', '2022-07-18 04:35:21.579686+00', 'https://i5.walmartimages.com/asr/4fa8bd9f-f0e8-4307-b8d7-ab73c48e2ab8.b402beee6c7ffb6900941951491efc7d.jpeg?odnHeight=612&odnWidth=612&odnBg=FFFFFF', 4);
INSERT INTO public.img (id, created_at, updated_at, url, product_id) VALUES (36, '2022-07-11 11:49:28.917545+00', '2022-07-18 04:36:45.172391+00', 'https://i5.walmartimages.com/asr/476e6dea-eb70-4500-bc72-951653a2c07e.6fec030a9772e624a62f24815e950858.jpeg?odnHeight=612&odnWidth=612&odnBg=FFFFFF', 5);
INSERT INTO public.img (id, created_at, updated_at, url, product_id) VALUES (37, '2022-07-11 11:49:32.970663+00', '2022-07-18 04:36:49.64382+00', 'https://i5.walmartimages.com/asr/66148eda-18d3-43a4-8b93-47ff567ccf48_2.aecef21d2bb2727dc50771e908314801.jpeg?odnHeight=612&odnWidth=612&odnBg=FFFFFF', 5);
INSERT INTO public.img (id, created_at, updated_at, url, product_id) VALUES (38, '2022-07-11 11:49:37.006448+00', '2022-07-18 04:36:52.951312+00', 'https://i5.walmartimages.com/asr/40d62ce1-eae5-4404-843a-1cb7d6f6ffb5.5b0c7833d93720edbd2a900834aad08e.jpeg?odnHeight=612&odnWidth=612&odnBg=FFFFFF', 5);
INSERT INTO public.img (id, created_at, updated_at, url, product_id) VALUES (39, '2022-07-11 11:49:42.938652+00', '2022-07-18 04:36:56.188871+00', 'https://i5.walmartimages.com/asr/e7f8c0e9-d09a-4857-9550-4f814dcf61a8.9ae81d2b84f77d928ac9332fe328ecba.jpeg?odnHeight=612&odnWidth=612&odnBg=FFFFFF', 5);
INSERT INTO public.img (id, created_at, updated_at, url, product_id) VALUES (41, '2022-07-11 11:55:24.202611+00', '2022-07-18 04:39:05.355571+00', 'https://i5.walmartimages.com/asr/4f856220-e0f6-423d-af37-c7b4f7d75164.8d9ac5d673e292fc6519ec028f10e5cc.jpeg?odnHeight=612&odnWidth=612&odnBg=FFFFFF', 6);
INSERT INTO public.img (id, created_at, updated_at, url, product_id) VALUES (40, '2022-07-11 11:55:19.46088+00', '2022-07-18 04:39:08.613986+00', 'https://i5.walmartimages.com/asr/35e5fb84-57a1-443d-a032-13091b581987.de5f6ec492d0c37f8944e88b3739ed8c.jpeg?odnHeight=612&odnWidth=612&odnBg=FFFFFF', 6);
INSERT INTO public.img (id, created_at, updated_at, url, product_id) VALUES (42, '2022-07-11 11:55:29.057795+00', '2022-07-18 04:39:11.393882+00', 'https://i5.walmartimages.com/asr/b3df433a-8bcd-49d4-9e6f-5e74c4ccffb8.164bf803ce54783a4aed9feec6079cb3.jpeg?odnHeight=612&odnWidth=612&odnBg=FFFFFF', 6);
INSERT INTO public.img (id, created_at, updated_at, url, product_id) VALUES (45, '2022-07-11 12:01:40.373833+00', '2022-07-18 04:42:02.865273+00', 'https://i5.walmartimages.com/asr/24326833-0fff-48d5-a7cb-5e3f78b72b8e.38612c7f86d394d557f9f3bc2ffba159.jpeg?odnHeight=612&odnWidth=612&odnBg=FFFFFF', 7);
INSERT INTO public.img (id, created_at, updated_at, url, product_id) VALUES (43, '2022-07-11 12:01:31.580812+00', '2022-07-18 04:41:42.563301+00', 'https://i5.walmartimages.com/asr/78bb1959-dae8-4867-98a9-c59b762e3373.5d781746985d0f44788bfe089fbc7304.jpeg?odnHeight=612&odnWidth=612&odnBg=FFFFFF', 7);
INSERT INTO public.img (id, created_at, updated_at, url, product_id) VALUES (44, '2022-07-11 12:01:35.5464+00', '2022-07-18 04:41:51.271846+00', 'https://i5.walmartimages.com/asr/469d5d0f-acb9-4214-9073-d80d0bddfea0.15922f826c9672e64b0910bfac208eeb.jpeg?odnHeight=612&odnWidth=612&odnBg=FFFFFF', 7);
INSERT INTO public.img (id, created_at, updated_at, url, product_id) VALUES (46, '2022-07-11 12:01:44.171584+00', '2022-07-18 04:42:16.215394+00', 'https://i5.walmartimages.com/asr/2d44bd67-ace1-4429-8b35-240f374df9eb.b25794c3d76f613cd126958f8141cb04.jpeg?odnHeight=612&odnWidth=612&odnBg=FFFFFF', 7);
INSERT INTO public.img (id, created_at, updated_at, url, product_id) VALUES (47, '2022-07-11 12:01:49.53713+00', '2022-07-18 04:42:26.300437+00', 'https://i5.walmartimages.com/asr/75862227-e6e8-4087-8392-586dbd08529a.6be32d6261ec15623022a4f39359754b.jpeg?odnHeight=612&odnWidth=612&odnBg=FFFFFF', 7);
INSERT INTO public.img (id, created_at, updated_at, url, product_id) VALUES (48, '2022-07-11 12:04:27.412145+00', '2022-07-18 05:18:05.116331+00', 'https://i5.walmartimages.com/asr/52aacd31-4d97-4c39-a9b5-1974e406bc75.f36f9cabd6e40736da743f7fa93c6fe0.jpeg?odnHeight=612&odnWidth=612&odnBg=FFFFFF', 8);
INSERT INTO public.img (id, created_at, updated_at, url, product_id) VALUES (49, '2022-07-11 12:04:31.90145+00', '2022-07-18 05:18:09.018154+00', 'https://i5.walmartimages.com/asr/fc001579-3c00-4c9f-ac46-3af662b401a9.ef715a50c06548ce5a9cc14e2849d7ee.jpeg?odnHeight=612&odnWidth=612&odnBg=FFFFFF', 8);
INSERT INTO public.img (id, created_at, updated_at, url, product_id) VALUES (50, '2022-07-11 12:04:36.954325+00', '2022-07-18 05:18:12.747077+00', 'https://i5.walmartimages.com/asr/8479a5e6-9e3e-4356-ab29-a15eb7ccb243.eba3b918c59140546e7f27f17e9ce312.jpeg?odnHeight=612&odnWidth=612&odnBg=FFFFFF', 8);
INSERT INTO public.img (id, created_at, updated_at, url, product_id) VALUES (51, '2022-07-11 12:10:09.086292+00', '2022-07-18 05:24:10.031439+00', 'https://post.healthline.com/wp-content/uploads/2020/09/papaya-benefits-732x549-thumbnail-732x549.jpg', 9);
INSERT INTO public.img (id, created_at, updated_at, url, product_id) VALUES (52, '2022-07-11 12:10:19.306486+00', '2022-07-18 05:24:14.729202+00', 'https://www.researchgate.net/publication/330426981/figure/fig1/AS:715900785266692@1547695456222/Papaya-coloration-during-papaya-fruit-ripening-a-The-color-of-peel-and-flesh-at-the.png', 9);
INSERT INTO public.img (id, created_at, updated_at, url, product_id) VALUES (53, '2022-07-11 12:18:41.845738+00', '2022-07-18 05:25:55.516719+00', 'https://i5.walmartimages.com/asr/62772744-da31-4f57-a23b-23ab0eaec305.5c3a7335c102925a601804db3a9b3077.jpeg?odnHeight=612&odnWidth=612&odnBg=FFFFFF', 10);
INSERT INTO public.img (id, created_at, updated_at, url, product_id) VALUES (54, '2022-07-11 12:18:46.905618+00', '2022-07-18 05:26:00.195259+00', 'https://i5.walmartimages.com/asr/e7e4a74e-e5c6-4319-84ba-19ca7f97ee5d_1.2ff00992ed1782e7b014a9588296c866.jpeg?odnHeight=612&odnWidth=612&odnBg=FFFFFF', 10);
INSERT INTO public.img (id, created_at, updated_at, url, product_id) VALUES (55, '2022-07-11 12:18:51.648827+00', '2022-07-18 05:26:04.306964+00', 'https://i5.walmartimages.com/asr/bb85a5d4-e49a-42a5-964d-e138f20fca24_1.8ac11ca645b78b601aa7df5f26e36330.jpeg?odnHeight=612&odnWidth=612&odnBg=FFFFFF', 10);
INSERT INTO public.img (id, created_at, updated_at, url, product_id) VALUES (56, '2022-07-11 12:20:45.130563+00', '2022-07-18 05:27:19.647978+00', 'https://i5.walmartimages.com/asr/93a17e9f-c519-487e-8f61-6f7b58fc764f.07776d55da72f8818cec403ec35ff81c.jpeg?odnHeight=612&odnWidth=612&odnBg=FFFFFF', 11);
INSERT INTO public.img (id, created_at, updated_at, url, product_id) VALUES (57, '2022-07-11 12:20:48.987631+00', '2022-07-18 05:27:22.879838+00', 'https://i5.walmartimages.com/asr/c3c11ae2-04fa-4361-9ade-4eb92b98d6f0_2.cb2cd6f71af8bb6549a195248e14773d.jpeg?odnHeight=612&odnWidth=612&odnBg=FFFFFF', 11);
INSERT INTO public.product (id, name, created_at, updated_at, price, category_id, is_relative, weight, description_short, description, color, discount, availability, infomation, is_featured, slug, count, rated, reviews) VALUES (1, 'Broccoli Crowns', '2022-07-18 04:28:24.670155+00', '2022-07-18 04:28:24.670155+00', 1.4000, 2, true, 1, 'Broccoli crowns are the premium cut of broccoli, trimmed just under the broccoli head. Healthy & Delicious!', 'Delicious when steamed, oven roasted, pan fried, or added to a stir fry or salad', 'GREEN', 2, NULL, 'We aim to show you accurate product information. Manufacturers, suppliers and others provide what you see here, and we have not verified it.  See our disclaimer', true, NULL, 4, 5, 5);
INSERT INTO public.product (id, name, created_at, updated_at, price, category_id, is_relative, weight, description_short, description, color, discount, availability, infomation, is_featured, slug, count, rated, reviews) VALUES (2, 'Pork Center Cut Loin Chops Bone-In Family Pack', '2022-07-18 04:31:28.193635+00', '2022-07-18 04:31:28.193635+00', 5, 1, false, 5.2000, 'One Family Pack of Bone-In Pork Center Cut Loin Chops', 'There''s nothing like cooking from scratch, especially when you start with fresh Bone-In Pork Center Cut Loin Chops. Made with quality cuts of USDA inspected pork, our fresh pork chops are juicy, flavorful and perfect for all of your favorite spice rubs and marinades. Fresh and ready to cook, our pork is an excellent source of protein and is a delicious addition to any recipe. Simply prepare with a balsamic vinaigrette and serve with seasoned rice and steamed peas for a delicious weeknight dinner. Includes one Family Pack of Bone-In Pork Center Cut Loin Chops', 'RED', 2, true, 'There''s nothing like cooking from scratch, especially when you start with fresh Bone-In Pork Center Cut Loin Chops. Made with quality cuts of USDA inspected pork, our fresh pork chops are juicy, flavorful and perfect for all of your favorite spice rubs and marinades. Fresh and ready to cook, our pork is an excellent source of protein and is a delicious addition to any recipe. Simply prepare with a balsamic vinaigrette and serve with seasoned rice and steamed peas for a delicious weeknight dinner. Includes one Family Pack of Bone-In Pork Center Cut Loin Chops', true, NULL, 4, 7, 24);
INSERT INTO public.product (id, name, created_at, updated_at, price, category_id, is_relative, weight, description_short, description, color, discount, availability, infomation, is_featured, slug, count, rated, reviews) VALUES (3, 'Fresh Sweet Rainier Cherries', '2022-07-18 04:34:35.819592+00', '2022-07-18 04:34:35.819592+00', 10.4600, 3, true, 1.2500, '5.0 servings per container', 'This golden yellow cherry with a red blush has a crisp bite and delicate super-sweet flavor. Rainiers hae some of the highest sugar levels of sweet cherries, ranging from 17-23 brix. It''s best to enjoy rainier cherries just as they are, but if you want to fancy them up, then we recommend slicing them into a salad. Enjoy the sweet taste of summer with delicious rainier cherries', 'RED', 2, true, 'This golden yellow cherry with a red blush has a crisp bite and delicate super-sweet flavor. Rainiers hae some of the highest sugar levels of sweet cherries, ranging from 17-23 brix. It''s best to enjoy rainier cherries just as they are, but if you want to fancy them up, then we recommend slicing them into a salad. Enjoy the sweet taste of summer with delicious rainier cherries', true, NULL, 4, 6, 3);
INSERT INTO public.product (id, name, created_at, updated_at, price, category_id, is_relative, weight, description_short, description, color, discount, availability, infomation, is_featured, slug, count, rated, reviews) VALUES (5, 'Fresh Tilapia Fillet', '2022-07-18 04:38:09.632043+00', '2022-07-18 04:38:09.632043+00', 4, 5, false, 2, 'Refer to the product label for full dietary information, which may be available as an alternative product image.', 'This Fresh Tilapia Fillet, are responsibly sourced, never frozen and always ready to cook! Tilapia is a very popular seafood across the U.S. because of its mild flavor and delicate, flaky texture when cooked. It is also a lean source of protein with only two grams of fat per serving. The tilapia are raised in large floating pens within vast lakes, allowing the fish to swim without crowding against water current like wild fish. They are only sourced from BAP certified suppliers. These tilapia fillets are skinless and extremely versatile. They can be pan fried, steamed, smoked, grilled or even baked and are a great seafood choice for you and your family. No matter how you prepare them, the Fresh Tilapia Fillet are an excellent meal for your family.', 'WHITE', 5, true, NULL, true, NULL, 5, 6, 3);
INSERT INTO public.product (id, name, created_at, updated_at, price, category_id, is_relative, weight, description_short, description, color, discount, availability, infomation, is_featured, slug, count, rated, reviews) VALUES (6, 'Great Value Cage Free Extra Large AA White Eggs', '2022-07-18 04:40:18.379834+00', '2022-07-18 04:40:18.379834+00', 3.6700, 6, false, NULL, 'Great Value Cage', 'Great Value Cage Free Extra Large Eggs are a delicious addition to your kitchen. They''re very versatile and an essential ingredient in many recipes, including baking, omelettes, French toast and more. These Extra Large Grade AA eggs are ideal for hard boiling or serving up deviled style. They cook up nice and fluffy when scrambled. They''re a good source of protein and are 80 calories per serving each. These eggs come in packaging made from recyclable material to be a more eco-friendly option for your home or business. The culinary possibilities are virtually endless when you choose Great Value Cage Free Extra Large AA White Eggs.', 'WHITE', 5, NULL, NULL, true, NULL, 12, 4, 9);
INSERT INTO public.product (id, name, created_at, updated_at, price, category_id, is_relative, weight, description_short, description, color, discount, availability, infomation, is_featured, slug, count, rated, reviews) VALUES (7, 'Ore-Ida Extra Crispy Fast Food French Fries Fried Frozen Potatoes', '2022-07-18 05:17:16.805993+00', '2022-07-18 05:17:16.805993+00', 4, 7, false, 1, 'Ore-Ida Extra Crispy Fast Food Fries make it easy to enjoy delicious fast food style fries at home. Crispy and golden, these Grade A fries are made from freshly peeled, American grown potatoes. These gluten free fries offer an extra crispy outside with a fluffy inside for the perfect blend of textures to make your next family meal a success. Toss these frozen fries on a baking sheet to bake them in the oven according to package instructions for perfectly crispy fries every time. An American classic, these easy fries are cut thin and straight like fast food fries for extra crispness and are perfect for dipping. Serve these fries with the traditional burger, or get creative with loaded fries topped with cheese and bacon. These oven baked fries come sealed in a 26 ounce bag to help lock in flavor. Your family deserves the highest quality because if it''s not Grade A, it''s not Ore-Ida!', 'Ore-Ida Extra Crispy Fast Food Fries make it easy to enjoy delicious fast food style fries at home. Crispy and golden, these Grade A fries are made from freshly peeled, American grown potatoes. These gluten free fries offer an extra crispy outside with a fluffy inside for the perfect blend of textures to make your next family meal a success. Toss these frozen fries on a baking sheet to bake them in the oven according to package instructions for perfectly crispy fries every time. An American classic, these easy fries are cut thin and straight like fast food fries for extra crispness and are perfect for dipping. Serve these fries with the traditional burger, or get creative with loaded fries topped with cheese and bacon. These oven baked fries come sealed in a 26 ounce bag to help lock in flavor. Your family deserves the highest quality because if it''s not Grade A, it''s not Ore-Ida!', 'YELLOW', 4, NULL, NULL, NULL, NULL, NULL, NULL, NULL);
INSERT INTO public.product (id, name, created_at, updated_at, price, category_id, is_relative, weight, description_short, description, color, discount, availability, infomation, is_featured, slug, count, rated, reviews) VALUES (8, 'Yellow Onions, Each', '2022-07-18 05:19:09.551726+00', '2022-07-18 05:19:09.551726+00', 0.9900, 8, false, 1, 'Get ready to roast, caramelize, and grill these Yellow Onions to absolute perfection! Thanks to their mild, all-purpose flavor, sweet onions are known to be less pungent than other varieties of onions, making them a lovely choice when it comes to salads, relishes, and so much more. Whip up an onion confit for serving atop meats or pizzas, roast a few slices to stack on sandwiches or burgers, or dip into a batter and deep-fry until they turn into golden onion rings. Plus, these onions are packed with nutrients, so you can feel good about eating them. Get ready for some delicious dishes with our Yellow Onions.', 'Get ready to roast, caramelize, and grill these Yellow Onions to absolute perfection! Thanks to their mild, all-purpose flavor, sweet onions are known to be less pungent than other varieties of onions, making them a lovely choice when it comes to salads, relishes, and so much more. Whip up an onion confit for serving atop meats or pizzas, roast a few slices to stack on sandwiches or burgers, or dip into a batter and deep-fry until they turn into golden onion rings. Plus, these onions are packed with nutrients, so you can feel good about eating them. Get ready for some delicious dishes with our Yellow Onions.', 'YELLOW', 1, true, NULL, true, NULL, 5, 3, 5);
INSERT INTO public.product (id, name, created_at, updated_at, price, category_id, is_relative, weight, description_short, description, color, discount, availability, infomation, is_featured, slug, count, rated, reviews) VALUES (9, 'Fresh Papaya, Size Varies', '2022-07-18 05:25:02.882807+00', '2022-07-18 05:25:02.882807+00', 4, 9, false, NULL, 'Get flavor and nutrition with our Fresh Solo Papaya. Papaya is a tropical fruit that originated in the tropics of the Americas and is known to be a great source of vitamins C, A, fiber, and antioxidants. When ripe, this fruit has a butter-like texture with a fairly sweet flavor similar to cantaloupe and can be eaten raw, without skin or seeds. Papaya can be prepared in a variety of ways; you can mix them with grapefruit and avocado for a bright summer salad, add them to a zesty salsa for some sweetness, freeze them and turn them into refreshing popsicle spears, or bake them in the oven with a melted brown sugar mixture. The sky''s the limit! Get ready for a taste-bud party with Fresh Solo Papaya.', 'Get flavor and nutrition with our Fresh Solo Papaya. Papaya is a tropical fruit that originated in the tropics of the Americas and is known to be a great source of vitamins C, A, fiber, and antioxidants. When ripe, this fruit has a butter-like texture with a fairly sweet flavor similar to cantaloupe and can be eaten raw, without skin or seeds. Papaya can be prepared in a variety of ways; you can mix them with grapefruit and avocado for a bright summer salad, add them to a zesty salsa for some sweetness, freeze them and turn them into refreshing popsicle spears, or bake them in the oven with a melted brown sugar mixture. The sky''s the limit! Get ready for a taste-bud party with Fresh Solo Papaya.', 'YELLOW', 1, true, 'Get flavor and nutrition with our Fresh Solo Papaya. Papaya is a tropical fruit that originated in the tropics of the Americas and is known to be a great source of vitamins C, A, fiber, and antioxidants. When ripe, this fruit has a butter-like texture with a fairly sweet flavor similar to cantaloupe and can be eaten raw, without skin or seeds. Papaya can be prepared in a variety of ways; you can mix them with grapefruit and avocado for a bright summer salad, add them to a zesty salsa for some sweetness, freeze them and turn them into refreshing popsicle spears, or bake them in the oven with a melted brown sugar mixture. The sky''s the limit! Get ready for a taste-bud party with Fresh Solo Papaya.', true, NULL, 1, 10, 10);
INSERT INTO public.product (id, name, created_at, updated_at, price, category_id, is_relative, weight, description_short, description, color, discount, availability, infomation, is_featured, slug, count, rated, reviews) VALUES (10, 'Quaker, Old Fashioned Oatmeal, Whole Grain', '2022-07-18 05:27:09.475589+00', '2022-07-18 05:27:09.475589+00', 5.6800, 10, true, NULL, 'Includes 1 (42 oz) Canister of Old Fashioned Quaker Oats', 'Includes 1 (42 oz) Canister of Old Fashioned Quaker Oats', 'YELLOW, RED', 1, NULL, NULL, true, NULL, 1, 9, 9);
INSERT INTO public.product (id, name, created_at, updated_at, price, category_id, is_relative, weight, description_short, description, color, discount, availability, infomation, is_featured, slug, count, rated, reviews) VALUES (11, 'Organic Bananas, Bunch', '2022-07-18 05:28:29.53744+00', '2022-07-18 05:28:29.53744+00', 1.7000, NULL, false, NULL, 'Enjoy the sweet, tropical taste of Organic Bananas. Bananas are a good source of several vitamins and minerals including potassium, vitamin B6 and vitamin C and are low in sodium. Enjoy them at breakfast, lunch, dessert, or anytime you want a healthy snack. Use them to make a loaf of moist banana bread and enjoy with a hot cup of coffee in the mornings or layer them with pudding and vanilla wafer cookies for a light, sweet banana pudding that''s perfect for dessert. Simply peel open the banana and savor the delicious taste of this sweet fruit. Bring home Organic Bananas and make them a part of your day.', 'Enjoy the sweet, tropical taste of Organic Bananas. Bananas are a good source of several vitamins and minerals including potassium, vitamin B6 and vitamin C and are low in sodium. Enjoy them at breakfast, lunch, dessert, or anytime you want a healthy snack. Use them to make a loaf of moist banana bread and enjoy with a hot cup of coffee in the mornings or layer them with pudding and vanilla wafer cookies for a light, sweet banana pudding that''s perfect for dessert. Simply peel open the banana and savor the delicious taste of this sweet fruit. Bring home Organic Bananas and make them a part of your day.', 'YELLOW', 0, NULL, NULL, true, NULL, 1, 7, 6);
INSERT INTO public.product (id, name, created_at, updated_at, price, category_id, is_relative, weight, description_short, description, color, discount, availability, infomation, is_featured, slug, count, rated, reviews) VALUES (4, '1 lb Fresh Strawberries', '2022-07-18 04:36:19.246377+00', '2022-07-18 05:33:32.357613+00', 2.3800, 4, true, 1, 'Perfectly sweet every time', 'Prior to serving, rinse strawberries gently and remove the leafy caps when you have finished washing them. When handled and stored properly at home, strawberries can stay fresh 3-7 days after purchase. Refrigerating strawberries helps them last longer.  We keep our berries refrigerated and highly recommend you keep them in the original container and refrigerate them as soon as possible as well.  Do not wash them prior to refrigeration. How to Freeze: 1. Gently rinse strawberries with cool water 2. Cut the green caps off the top of each berry 3. Pat lightly with a towel to soak up access water 4. Allow time for the berries to thoroughly dry 5. Evenly lay berries flat side down on a cookie sheet 6. Place cookie sheet into the freezer for approximately 2 hours; or until berries are completely frozen 7. Transfer frozen berries into large plastic zipper bag and seal tightly 8. Write the date on the plastic bag and store in freezer', 'RED', 1, true, 'Prior to serving, rinse strawberries gently and remove the leafy caps when you have finished washing them. When handled and stored properly at home, strawberries can stay fresh 3-7 days after purchase. Refrigerating strawberries helps them last longer.  We keep our berries refrigerated and highly recommend you keep them in the original container and refrigerate them as soon as possible as well.  Do not wash them prior to refrigeration. How to Freeze: 1. Gently rinse strawberries with cool water 2. Cut the green caps off the top of each berry 3. Pat lightly with a towel to soak up access water 4. Allow time for the berries to thoroughly dry 5. Evenly lay berries flat side down on a cookie sheet 6. Place cookie sheet into the freezer for approximately 2 hours; or until berries are completely frozen 7. Transfer frozen berries into large plastic zipper bag and seal tightly 8. Write the date on the plastic bag and store in freezer', true, NULL, 6, 6, 6);
SELECT pg_catalog.setval('public.category_id_seq', 11, true);
SELECT pg_catalog.setval('public.img_id_seq', 58, true);
SELECT pg_catalog.setval('public.product_id_seq', 11, true);
